start_utc,end_utc,kp_interval_start_utc,kp_interval_end_utc,proton_flux_above_10_mev_mean_pred,proton_flux_above_10_mev_mean_lower,proton_flux_above_10_mev_mean_upper,proton_flux_above_10_mev_max_pred,proton_flux_above_10_mev_max_lower,proton_flux_above_10_mev_max_upper,proton_flux_above_50_mev_mean_pred,proton_flux_above_50_mev_mean_lower,proton_flux_above_50_mev_mean_upper,proton_flux_above_50_mev_max_pred,proton_flux_above_50_mev_max_lower,proton_flux_above_50_mev_max_upper,proton_flux_above_100_mev_mean_pred,proton_flux_above_100_mev_mean_lower,proton_flux_above_100_mev_mean_upper,proton_flux_above_100_mev_max_pred,proton_flux_above_100_mev_max_lower,proton_flux_above_100_mev_max_upper,solar_xray_flux_long_mean_pred,solar_xray_flux_long_mean_lower,solar_xray_flux_long_mean_upper,solar_xray_flux_long_max_pred,solar_xray_flux_long_max_lower,solar_xray_flux_long_max_upper,geomagnetic_kp_pred,geomagnetic_kp_lower,geomagnetic_kp_upper,s_level,g_level,r_level,s_level_lower,g_level_lower,r_level_lower,s_level_upper,g_level_upper,r_level_upper,p_adverse,eva_allowed,reason,source_refs
2026-09-18T00:00:00+00:00,2026-09-18T00:30:00+00:00,2026-09-18T00:00:00+00:00,2026-09-18T03:00:00+00:00,0.21814563340426868,0.10021756827850077,0.2846063062506852,0.27591066007938914,0.10021756827850077,0.4645518610272128,0.20626274726908728,0.14142417445868802,0.24021359321669686,0.2204068825336759,0.14142417445868802,0.3095770307383291,0.20161795111483932,0.13381465286431665,0.23159671322681505,0.22519954075265092,0.13381465286431665,0.32676681782447636,4.568603952416126e-07,0.0,1.1758170490037471e-05,4.568603952416126e-07,0.0,2.5306119466427786e-05,1.7380571365356445,0.0,3.805013358592987,0,0,0,0,0,0,0,0,1,0.06586114317178726,True,"[""scales_below_policy_thresholds""]","[{""path"": ""/Users/ivacshsergey/hack/data/datasets/results.csv"", ""sha256"": ""4a81688ad0700caafdf9dbdaa607fd9e16b4dbe7e6ed5140aa51e4e667d1a588""}]"
2026-09-18T00:30:00+00:00,2026-09-18T01:00:00+00:00,2026-09-18T00:00:00+00:00,2026-09-18T03:00:00+00:00,0.22447685392763048,0.09896336521000923,0.3070772480008979,0.27391252427435164,0.09896336521000923,0.4642956752721651,0.20782964939765772,0.1408410664065476,0.24834112656266333,0.2321056520371014,0.1408410664065476,0.3357547015284202,0.20602837974799998,0.12469256494983487,0.2346270835805183,0.22133676922481668,0.12469256494983487,0.32338689832004536,2.3862784473254567e-07,0.0,1.2176218566158858e-05,2.3862784473254567e-07,0.0,2.5984469483264447e-05,1.7380571365356445,0.0,3.805013358592987,0,0,0,0,0,0,0,0,1,0.10532242804765701,True,"[""scales_below_policy_thresholds""]","[{""path"": ""/Users/ivacshsergey/hack/data/datasets/results.csv"", ""sha256"": ""4a81688ad0700caafdf9dbdaa607fd9e16b4dbe7e6ed5140aa51e4e667d1a588""}]"
2026-09-18T01:00:00+00:00,2026-09-18T01:30:00+00:00,2026-09-18T00:00:00+00:00,2026-09-18T03:00:00+00:00,0.22421931868574974,0.10259507627362187,0.3069320942131099,0.28573264386589736,0.10259507627362187,0.4972204840155433,0.20220682829480394,0.13430683104499627,0.23906163994444155,0.2097071353292862,0.13430683104499627,0.3048971023604542,0.19220623390060051,0.11937575503921502,0.22284693664895927,0.21401582182487594,0.11937575503921502,0.31458679499869163,2.589267472222252e-07,0.0,1.2378017232341556e-05,2.589267472222252e-07,0.0,2.631192016757977e-05,1.7380571365356445,0.0,3.805013358592987,0,0,0,0,0,0,0,0,1,0.10274112969636917,True,"[""scales_below_policy_thresholds""]","[{""path"": ""/Users/ivacshsergey/hack/data/datasets/results.csv"", ""sha256"": ""4a81688ad0700caafdf9dbdaa607fd9e16b4dbe7e6ed5140aa51e4e667d1a588""}]"
2026-09-18T01:30:00+00:00,2026-09-18T02:00:00+00:00,2026-09-18T00:00:00+00:00,2026-09-18T03:00:00+00:00,0.22592122923026503,0.10154983875450932,0.3250649107417926,0.284005977229668,0.10154983875450932,0.49440881389814545,0.20317939350147377,0.1300940544262146,0.23768648830799413,0.20317939350147377,0.1300940544262146,0.2966102723369988,0.19310593936309234,0.121127606906372,0.22519196416429935,0.2224891120875541,0.121127606906372,0.3233804893350789,4.558129909929498e-07,0.0,1.3069495610444733e-05,4.558129909929498e-07,0.0,2.7433954680405225e-05,1.7380571365356445,0.0,3.805013358592987,0,0,0,0,0,0,0,0,1,0.11816192418336868,True,"[""scales_below_policy_thresholds""]","[{""path"": ""/Users/ivacshsergey/hack/data/datasets/results.csv"", ""sha256"": ""4a81688ad0700caafdf9dbdaa607fd9e16b4dbe7e6ed5140aa51e4e667d1a588""}]"
2026-09-18T02:00:00+00:00,2026-09-18T02:30:00+00:00,2026-09-18T00:00:00+00:00,2026-09-18T03:00:00+00:00,0.23457384271892656,0.09920735941113974,0.3443045296747103,0.27083413030631254,0.09920735941113974,0.5117990946376193,0.21050813516893074,0.13740920759873615,0.2557021508037087,0.21615512128665176,0.13740920759873615,0.3251479410925844,0.20234054789999215,0.11973898756884892,0.2343268932826324,0.21923012228153774,0.11973898756884892,0.32683844779481086,3.7298314881328735e-07,0.0,1.3994309945718319e-05,3.7298314881328735e-07,0.0,2.893461418761814e-05,1.7380571365356445,0.0,3.805013358592987,0,0,0,0,0,0,0,0,1,0.1200893223285675,True,"[""scales_below_policy_thresholds""]","[{""path"": ""/Users/ivacshsergey/hack/data/datasets/results.csv"", ""sha256"": ""4a81688ad0700caafdf9dbdaa607fd9e16b4dbe7e6ed5140aa51e4e667d1a588""}]"
2026-09-18T02:30:00+00:00,2026-09-18T03:00:00+00:00,2026-09-18T00:00:00+00:00,2026-09-18T03:00:00+00:00,0.2407101005815766,0.10616830456775044,0.3686553566232712,0.2702667179957876,0.10616830456775044,0.5445103833557131,0.20210690660632508,0.13153773509171063,0.244223945549492,0.22236551933339824,0.13153773509171063,0.32427613517060566,0.2075180171272238,0.12203874357233968,0.2392465468006805,0.2075180171272238,0.12203874357233968,0.3041159403145586,7.373384838255664e-07,0.0,1.4565797434275175e-05,7.373384838255664e-07,0.0,2.9861944247551067e-05,1.7380571365356445,0.0,3.805013358592987,0,0,0,0,0,0,0,0,1,0.08205491304397583,True,"[""scales_below_policy_thresholds""]","[{""path"": ""/Users/ivacshsergey/hack/data/datasets/results.csv"", ""sha256"": ""4a81688ad0700caafdf9dbdaa607fd9e16b4dbe7e6ed5140aa51e4e667d1a588""}]"
2026-09-18T03:00:00+00:00,2026-09-18T03:30:00+00:00,2026-09-18T03:00:00+00:00,2026-09-18T06:00:00+00:00,0.23718518094603536,0.10083274780498822,0.38533081934581975,0.2943242586041118,0.10083274780498822,0.5758889570813703,0.21695794251480666,0.14230485935004156,0.2578010602779808,0.23354235428709758,0.14230485935004156,0.34542264299300107,0.20094032944254495,0.12054835552760672,0.23492362971677017,0.2232136697023812,0.12054835552760672,0.3285844245611213,6.809349295132633e-07,0.0,1.3840108692301216e-05,6.809349295132633e-07,0.0,2.868439793540567e-05,2.011351525783539,0.0,4.811239063739777,0,0,0,0,0,0,0,1,1,0.12052018940448761,True,"[""scales_below_policy_thresholds""]","[{""path"": ""/Users/ivacshsergey/hack/data/datasets/results.csv"", ""sha256"": ""4a81688ad0700caafdf9dbdaa607fd9e16b4dbe7e6ed5140aa51e4e667d1a588""}]"
2026-09-18T03:30:00+00:00,2026-09-18T04:00:00+00:00,2026-09-18T03:00:00+00:00,2026-09-18T06:00:00+00:00,0.2404121464381029,0.09326499050505262,0.39210710763902157,0.28269873720770233,0.09326499050505262,0.5604957654289382,0.20262675854576095,0.1293134834426605,0.2473755866037223,0.2277953135637728,0.1293134834426605,0.33165550435851404,0.19656136320878825,0.11747221931358365,0.2296158459387559,0.2190329978520516,0.11747221931358365,0.3181003186859399,6.495596663861283e-07,0.0,1.3839766238289236e-05,6.495596663861283e-07,0.0,2.8683842248875674e-05,2.011351525783539,0.0,4.811239063739777,0,0,0,0,0,0,0,1,1,0.09728142619132996,True,"[""scales_below_policy_thresholds""]","[{""path"": ""/Users/ivacshsergey/hack/data/datasets/results.csv"", ""sha256"": ""4a81688ad0700caafdf9dbdaa607fd9e16b4dbe7e6ed5140aa51e4e667d1a588""}]"
2026-09-18T04:00:00+00:00,2026-09-18T04:30:00+00:00,2026-09-18T03:00:00+00:00,2026-09-18T06:00:00+00:00,0.23824766895700922,0.09162235812381087,0.4038979125950764,0.2869718641690536,0.09162235812381087,0.557377190295745,0.21346994479905365,0.1405067112324485,0.2570949400456244,0.2272358160070027,0.1405067112324485,0.3437264590545416,0.19339085868843128,0.11841511600428203,0.22509719686926227,0.21561494829503286,0.11841511600428203,0.31748787083878593,5.451572347543853e-07,0.0,1.3239644308920253e-05,5.451572347543853e-07,0.0,2.7710048218608933e-05,2.011351525783539,0.0,4.811239063739777,0,0,0,0,0,0,0,1,1,0.10724041610956192,True,"[""scales_below_policy_thresholds""]","[{""path"": ""/Users/ivacshsergey/hack/data/datasets/results.csv"", ""sha256"": ""4a81688ad0700caafdf9dbdaa607fd9e16b4dbe7e6ed5140aa51e4e667d1a588""}]"
2026-09-18T04:30:00+00:00,2026-09-18T05:00:00+00:00,2026-09-18T03:00:00+00:00,2026-09-18T06:00:00+00:00,0.2567633868260359,0.10345884100324354,0.432793442655052,0.3067653810345405,0.10345884100324354,0.6389054296560135,0.19630235477169822,0.14374818663819922,0.23634134436919035,0.23959952331486978,0.14374818663819922,0.34264732797797537,0.1911485868276359,0.11677950967228175,0.2206652346143684,0.22333271801800753,0.11677950967228175,0.3290758089451808,6.070711212161541e-07,0.0,1.3773729196453875e-05,6.070711212161541e-07,0.0,2.857668656272475e-05,2.011351525783539,0.0,4.811239063739777,0,0,0,0,0,0,0,1,1,0.13495361804962158,True,"[""scales_below_policy_thresholds""]","[{""path"": ""/Users/ivacshsergey/hack/data/datasets/results.csv"", ""sha256"": ""4a81688ad0700caafdf9dbdaa607fd9e16b4dbe7e6ed5140aa51e4e667d1a588""}]"
2026-09-18T05:00:00+00:00,2026-09-18T05:30:00+00:00,2026-09-18T03:00:00+00:00,2026-09-18T06:00:00+00:00,0.24080920033273487,0.09563139264866558,0.46324307841188034,0.3050227197605482,0.09563139264866558,0.6057935058040925,0.202820315900181,0.128645084784818,0.2532839355467802,0.21349706826905793,0.128645084784818,0.32185727424655247,0.18811703862945445,0.11071279970798427,0.21965469021244688,0.2113044489696787,0.11071279970798427,0.31564917585420443,5.563997572084563e-07,0.0,1.3640686442152433e-05,5.563997572084563e-07,0.0,2.8360803367046142e-05,2.011351525783539,0.0,4.811239063739777,0,0,0,0,0,0,0,1,1,0.11798838526010513,True,"[""scales_below_policy_thresholds""]","[{""path"": ""/Users/ivacshsergey/hack/data/datasets/results.csv"", ""sha256"": ""4a81688ad0700caafdf9dbdaa607fd9e16b4dbe7e6ed5140aa51e4e667d1a588""}]"
2026-09-18T05:30:00+00:00,2026-09-18T06:00:00+00:00,2026-09-18T03:00:00+00:00,2026-09-18T06:00:00+00:00,0.23915525320872144,0.09484674366896091,0.4645561384440373,0.2923634925762472,0.09484674366896091,0.6621912783482996,0.20470918729619506,0.13891401105361342,0.25429980247243644,0.23404363828102587,0.13891401105361342,0.34147788797432926,0.1882141154009395,0.11027172279101453,0.22011233149973075,0.21502191140749685,0.11027172279101453,0.32175012577620843,4.468195058183198e-07,0.0,1.409791154328439e-05,4.468195058183198e-07,0.0,2.9102724387060478e-05,2.011351525783539,0.0,4.811239063739777,0,0,0,0,0,0,0,1,1,0.11659087240695953,True,"[""scales_below_policy_thresholds""]","[{""path"": ""/Users/ivacshsergey/hack/data/datasets/results.csv"", ""sha256"": ""4a81688ad0700caafdf9dbdaa607fd9e16b4dbe7e6ed5140aa51e4e667d1a588""}]"
2026-09-18T06:00:00+00:00,2026-09-18T06:30:00+00:00,2026-09-18T06:00:00+00:00,2026-09-18T09:00:00+00:00,0.24322700242079007,0.0930713249381141,0.46894711002624867,0.31455171180114716,0.0930713249381141,0.650140822872224,0.20462977218679243,0.13440796314436132,0.257753735860006,0.2312117071130577,0.13440796314436132,0.3247681567938222,0.1887695866756321,0.11807901966999623,0.22131460263464134,0.22584364897622983,0.11807901966999623,0.3290990203416652,3.8686577669233815e-07,0.0,1.298806385170954e-05,3.8686577669233815e-07,0.0,2.7301818598302992e-05,2.4561288356781006,0.0,5.383576691150665,0,0,0,0,0,0,0,1,1,0.12583507597446442,True,"[""scales_below_policy_thresholds""]","[{""path"": ""/Users/ivacshsergey/hack/data/datasets/results.csv"", ""sha256"": ""4a81688ad0700caafdf9dbdaa607fd9e16b4dbe7e6ed5140aa51e4e667d1a588""}]"
2026-09-18T06:30:00+00:00,2026-09-18T07:00:00+00:00,2026-09-18T06:00:00+00:00,2026-09-18T09:00:00+00:00,0.2326391932964035,0.08556630627646906,0.48376920355018,0.2989789464783439,0.08556630627646906,0.694989005720656,0.21718155634275405,0.14109480047912146,0.26881097077216337,0.21718155634275405,0.14109480047912146,0.327142488187248,0.18406485888311114,0.11434770371295888,0.2169637273021387,0.2191667359706286,0.11434770371295888,0.3269360827259118,2.8280907038063897e-07,0.0,1.2979888322357878e-05,2.8280907038063897e-07,0.0,2.7288552491388204e-05,2.4561288356781006,0.0,5.383576691150665,0,0,0,0,0,0,0,1,1,0.1410757154226303,True,"[""scales_below_policy_thresholds""]","[{""path"": ""/Users/ivacshsergey/hack/data/datasets/results.csv"", ""sha256"": ""4a81688ad0700caafdf9dbdaa607fd9e16b4dbe7e6ed5140aa51e4e667d1a588""}]"
2026-09-18T07:00:00+00:00,2026-09-18T07:30:00+00:00,2026-09-18T06:00:00+00:00,2026-09-18T09:00:00+00:00,0.24784173276243202,0.09133122766335543,0.5998004171273295,0.29414902938060195,0.09133122766335543,0.6948146382605139,0.2064351371092119,0.1270197083885671,0.26214284149534645,0.22784961603378526,0.1270197083885671,0.33931049167593935,0.1909927741843277,0.1080453364417527,0.2226944658037576,0.21893343951326216,0.1080453364417527,0.32487618167271193,5.114572461075183e-07,0.0,1.3350159820237008e-05,5.114572461075183e-07,0.0,2.7889377351415814e-05,2.4561288356781006,0.0,5.383576691150665,0,0,0,0,0,0,0,1,1,0.15951186418533325,True,"[""scales_below_policy_thresholds""]","[{""path"": ""/Users/ivacshsergey/hack/data/datasets/results.csv"", ""sha256"": ""4a81688ad0700caafdf9dbdaa607fd9e16b4dbe7e6ed5140aa51e4e667d1a588""}]"
2026-09-18T07:30:00+00:00,2026-09-18T08:00:00+00:00,2026-09-18T06:00:00+00:00,2026-09-18T09:00:00+00:00,0.2288673898153395,0.0709833018572122,0.5073257597594298,0.2944591198749415,0.0709833018572122,0.8065797244579817,0.20507159415132234,0.13135917193578697,0.26251042910542316,0.22853784440278752,0.13135917193578697,0.3442477610398638,0.19332732204401915,0.1269787320117805,0.22610322506593322,0.23021606093681754,0.1269787320117805,0.3358603577106426,6.224040668213508e-07,0.0,1.3168158473508393e-05,6.224040668213508e-07,0.0,2.7594050991435623e-05,2.4561288356781006,0.0,5.383576691150665,0,0,0,0,0,0,0,1,1,0.17087434232234955,True,"[""scales_below_policy_thresholds""]","[{""path"": ""/Users/ivacshsergey/hack/data/datasets/results.csv"", ""sha256"": ""4a81688ad0700caafdf9dbdaa607fd9e16b4dbe7e6ed5140aa51e4e667d1a588""}]"
2026-09-18T08:00:00+00:00,2026-09-18T08:30:00+00:00,2026-09-18T06:00:00+00:00,2026-09-18T09:00:00+00:00,0.23488984448134773,0.08044769375143106,0.593425380923785,0.2873011434633209,0.08044769375143106,0.8217924554925897,0.21846151540274603,0.14369630838675346,0.26980517484821687,0.21846151540274603,0.14369630838675346,0.3396808701954905,0.20495116279804088,0.11771760807455452,0.24003966579307415,0.22431365319863428,0.11771760807455452,0.3351185525200653,7.123100456590631e-07,0.0,1.411950089267428e-05,7.123100456590631e-07,0.0,2.9137756567229803e-05,2.4561288356781006,0.0,5.383576691150665,0,0,0,0,0,0,0,1,1,0.18114948272705078,True,"[""scales_below_policy_thresholds""]","[{""path"": ""/Users/ivacshsergey/hack/data/datasets/results.csv"", ""sha256"": ""4a81688ad0700caafdf9dbdaa607fd9e16b4dbe7e6ed5140aa51e4e667d1a588""}]"
2026-09-18T08:30:00+00:00,2026-09-18T09:00:00+00:00,2026-09-18T06:00:00+00:00,2026-09-18T09:00:00+00:00,0.22583522815150578,0.07624262809447528,0.5619601479545758,0.29244052573888724,0.07624262809447528,0.8383200132159842,0.22112529305115666,0.13769259156185662,0.2810944198438382,0.22426384892404638,0.13769259156185662,0.35365060669136006,0.19993565447318695,0.11525652114415635,0.23106971351460748,0.211868944899274,0.11525652114415635,0.3173389894116851,2.7947894061873955e-07,0.0,1.4321971315412462e-05,2.7947894061873955e-07,0.0,2.946629728423933e-05,2.4561288356781006,0.0,5.383576691150665,0,0,0,0,0,0,0,1,1,0.15898066759109497,True,"[""scales_below_policy_thresholds""]","[{""path"": ""/Users/ivacshsergey/hack/data/datasets/results.csv"", ""sha256"": ""4a81688ad0700caafdf9dbdaa607fd9e16b4dbe7e6ed5140aa51e4e667d1a588""}]"
2026-09-18T09:00:00+00:00,2026-09-18T09:30:00+00:00,2026-09-18T09:00:00+00:00,2026-09-18T12:00:00+00:00,0.2334778562953199,0.07822026597346218,0.6702315703635816,0.26451949101469063,0.07822026597346218,0.7694287890110878,0.21191430808356795,0.13377320980676086,0.2655211378453675,0.23274813726726298,0.13377320980676086,0.35922386955038554,0.20050292014238633,0.11157706020462693,0.2326403688333041,0.21671943011756867,0.11157706020462693,0.3238716652820442,3.640706385816125e-07,0.0,1.313656192346578e-05,3.640706385816125e-07,0.0,2.7542780524047645e-05,2.774880588054657,0.28870993852615356,5.734712183475494,0,0,0,0,0,0,0,2,1,0.15288084745407104,True,"[""scales_below_policy_thresholds""]","[{""path"": ""/Users/ivacshsergey/hack/data/datasets/results.csv"", ""sha256"": ""4a81688ad0700caafdf9dbdaa607fd9e16b4dbe7e6ed5140aa51e4e667d1a588""}]"
2026-09-18T09:30:00+00:00,2026-09-18T10:00:00+00:00,2026-09-18T09:00:00+00:00,2026-09-18T12:00:00+00:00,0.23876969323139988,0.08145851710835784,0.5573160649723202,0.24002185309917895,0.08145851710835784,0.9390265259244017,0.21791402050474276,0.1364628630691815,0.2803770163258813,0.22485940723404035,0.1364628630691815,0.3293866613969479,0.1957205747331398,0.11024718780898678,0.22751994114520402,0.21232062988223377,0.11024718780898678,0.32664035281936354,4.3441793168008435e-07,0.0,1.3917293180138372e-05,4.3441793168008435e-07,0.0,2.880964213963605e-05,2.774880588054657,0.28870993852615356,5.734712183475494,0,0,0,0,0,0,0,2,1,0.16904129087924957,True,"[""scales_below_policy_thresholds""]","[{""path"": ""/Users/ivacshsergey/hack/data/datasets/results.csv"", ""sha256"": ""4a81688ad0700caafdf9dbdaa607fd9e16b4dbe7e6ed5140aa51e4e667d1a588""}]"
2026-09-18T10:00:00+00:00,2026-09-18T10:30:00+00:00,2026-09-18T09:00:00+00:00,2026-09-18T12:00:00+00:00,0.24420280969401909,0.0819899749109779,0.8355080178618083,0.24420280969401909,0.0819899749109779,0.9445212190297477,0.20332840873676994,0.1426884900404029,0.253228713647163,0.23306773240024375,0.1426884900404029,0.35591446975548063,0.18995428981038123,0.10346740774470703,0.22293644559943293,0.22175691855073365,0.10346740774470703,0.3306332372543263,4.33392947535586e-07,0.0,1.4335763344493939e-05,4.33392947535586e-07,0.0,2.9488677062293644e-05,2.774880588054657,0.28870993852615356,5.734712183475494,0,0,0,0,0,0,0,2,1,0.18991059064865112,True,"[""scales_below_policy_thresholds""]","[{""path"": ""/Users/ivacshsergey/hack/data/datasets/results.csv"", ""sha256"": ""4a81688ad0700caafdf9dbdaa607fd9e16b4dbe7e6ed5140aa51e4e667d1a588""}]"
2026-09-18T10:30:00+00:00,2026-09-18T11:00:00+00:00,2026-09-18T09:00:00+00:00,2026-09-18T12:00:00+00:00,0.25397324678066513,0.09306505406377838,0.8526693380431296,0.25397324678066513,0.09306505406377838,0.9627017722686358,0.207030242065131,0.1288484678428632,0.25845793833801417,0.23341652291809464,0.1288484678428632,0.36591125031270694,0.19426981799435228,0.10628247304832678,0.22493555622520983,0.2033936613806756,0.10628247304832678,0.315974909059131,3.6809449521368006e-07,0.0,1.4089941133297533e-05,3.6809449521368006e-07,0.0,2.9089791119195827e-05,2.774880588054657,0.28870993852615356,5.734712183475494,0,0,0,0,0,0,0,2,1,0.15857967734336853,True,"[""scales_below_policy_thresholds""]","[{""path"": ""/Users/ivacshsergey/hack/data/datasets/results.csv"", ""sha256"": ""4a81688ad0700caafdf9dbdaa607fd9e16b4dbe7e6ed5140aa51e4e667d1a588""}]"
2026-09-18T11:00:00+00:00,2026-09-18T11:30:00+00:00,2026-09-18T09:00:00+00:00,2026-09-18T12:00:00+00:00,0.25458123856406367,0.09435639106264349,0.9964785062233691,0.25458123856406367,0.09435639106264349,1.1150519534153502,0.22347916096629236,0.1413558531757628,0.2830718526728984,0.22833110660234462,0.1413558531757628,0.35205690970463,0.19762204965388788,0.11104557250102785,0.23155354955906557,0.2210376087847467,0.11104557250102785,0.3303730006351579,2.5508794646755706e-07,0.0,1.368483297966496e-05,2.5508794646755706e-07,0.0,2.843243820087374e-05,2.774880588054657,0.28870993852615356,5.734712183475494,0,0,0,0,0,0,0,2,1,0.2125302255153656,True,"[""scales_below_policy_thresholds""]","[{""path"": ""/Users/ivacshsergey/hack/data/datasets/results.csv"", ""sha256"": ""4a81688ad0700caafdf9dbdaa607fd9e16b4dbe7e6ed5140aa51e4e667d1a588""}]"
2026-09-18T11:30:00+00:00,2026-09-18T12:00:00+00:00,2026-09-18T09:00:00+00:00,2026-09-18T12:00:00+00:00,0.2545865104854095,0.09051098289603281,0.9004905679046458,0.2545865104854095,0.09051098289603281,1.013363166978391,0.21371704392219865,0.13382908141841238,0.2719357316529932,0.24690329725907686,0.13382908141841238,0.3714823060373764,0.19336379340700788,0.1055788743624481,0.229251388090121,0.23324858395766312,0.1055788743624481,0.35110883212345406,3.5882860752333536e-07,0.0,1.3441765634100707e-05,3.5882860752333536e-07,0.0,2.8038022468870526e-05,2.774880588054657,0.28870993852615356,5.734712183475494,0,0,0,0,0,0,0,2,1,0.19901065528392792,True,"[""scales_below_policy_thresholds""]","[{""path"": ""/Users/ivacshsergey/hack/data/datasets/results.csv"", ""sha256"": ""4a81688ad0700caafdf9dbdaa607fd9e16b4dbe7e6ed5140aa51e4e667d1a588""}]"
2026-09-18T12:00:00+00:00,2026-09-18T12:30:00+00:00,2026-09-18T12:00:00+00:00,2026-09-18T15:00:00+00:00,0.2562265542662196,0.09629450144669793,0.8683279730270428,0.2562265542662196,0.09629450144669793,0.979290393887805,0.21045239910365043,0.12883541470361742,0.2648045771572699,0.21045239910365043,0.12883541470361742,0.33486746375630605,0.20252289560906442,0.11390702576639002,0.23498052938101258,0.20252289560906442,0.11390702576639002,0.30679780285217806,6.550817126244338e-07,0.0,1.399261954158242e-05,6.550817126244338e-07,0.0,2.8931871235934963e-05,3.0439707040786743,0.02911287546157837,6.049591362476349,0,0,0,0,0,0,0,2,1,0.17510886490345,True,"[""scales_below_policy_thresholds""]","[{""path"": ""/Users/ivacshsergey/hack/data/datasets/results.csv"", ""sha256"": ""4a81688ad0700caafdf9dbdaa607fd9e16b4dbe7e6ed5140aa51e4e667d1a588""}]"
2026-09-18T12:30:00+00:00,2026-09-18T13:00:00+00:00,2026-09-18T12:00:00+00:00,2026-09-18T15:00:00+00:00,0.26010262990444005,0.09583898336482863,0.948157230286816,0.26010262990444005,0.09583898336482863,1.0638608142457837,0.20802460216382182,0.12445983691225715,0.2644690309796273,0.24551203739899083,0.12445983691225715,0.3734990892200164,0.1916309027873408,0.10475495036886662,0.2266692070325348,0.21765628700363313,0.10475495036886662,0.32851372974570325,6.321218182447464e-07,0.0,1.4829387587537096e-05,6.321218182447464e-07,0.0,3.028966152486078e-05,3.0439707040786743,0.02911287546157837,6.049591362476349,0,0,0,0,0,0,0,2,1,0.19862374663352966,True,"[""scales_below_policy_thresholds""]","[{""path"": ""/Users/ivacshsergey/hack/data/datasets/results.csv"", ""sha256"": ""4a81688ad0700caafdf9dbdaa607fd9e16b4dbe7e6ed5140aa51e4e667d1a588""}]"
2026-09-18T13:00:00+00:00,2026-09-18T13:30:00+00:00,2026-09-18T12:00:00+00:00,2026-09-18T15:00:00+00:00,0.22405379934214156,0.06957851664440742,0.6062564872571493,0.2638964563367809,0.06957851664440742,0.9194533880159872,0.22403167463682802,0.1402477727360571,0.2869017152424442,0.22403167463682802,0.1402477727360571,0.3637646909736048,0.18955331950718443,0.10456886164565593,0.2249146932671131,0.21000822570414376,0.10456886164565593,0.31856906129058915,4.948418887438591e-07,0.0,1.4527939538412897e-05,4.948418887438591e-07,0.0,2.9800513742873603e-05,3.0439707040786743,0.02911287546157837,6.049591362476349,0,0,0,0,0,0,0,2,1,0.21641001105308533,True,"[""scales_below_policy_thresholds""]","[{""path"": ""/Users/ivacshsergey/hack/data/datasets/results.csv"", ""sha256"": ""4a81688ad0700caafdf9dbdaa607fd9e16b4dbe7e6ed5140aa51e4e667d1a588""}]"
2026-09-18T13:30:00+00:00,2026-09-18T14:00:00+00:00,2026-09-18T12:00:00+00:00,2026-09-18T15:00:00+00:00,0.24899671208550625,0.07968111028828398,0.9448531921141518,0.24899671208550625,0.07968111028828398,1.0603605449619078,0.2169685691358728,0.13117096171005665,0.27163158619994493,0.240436360165991,0.13117096171005665,0.37694738844318093,0.2064986345488313,0.11985307153616846,0.23942930191447914,0.2158357970338432,0.11985307153616846,0.32504273728577443,3.23626574715919e-07,0.0,1.346334402571778e-05,3.23626574715919e-07,0.0,2.8073036868296915e-05,3.0439707040786743,0.02911287546157837,6.049591362476349,0,0,0,0,0,0,0,2,1,0.18943656980991364,True,"[""scales_below_policy_thresholds""]","[{""path"": ""/Users/ivacshsergey/hack/data/datasets/results.csv"", ""sha256"": ""4a81688ad0700caafdf9dbdaa607fd9e16b4dbe7e6ed5140aa51e4e667d1a588""}]"
2026-09-18T14:00:00+00:00,2026-09-18T14:30:00+00:00,2026-09-18T12:00:00+00:00,2026-09-18T15:00:00+00:00,0.2478829197962709,0.07666288646574666,0.8809636597165136,0.2478829197962709,0.07666288646574666,0.9926765303936591,0.22515092360361286,0.14201505114208882,0.2776429466949405,0.2388490330134126,0.14201505114208882,0.3638018801504686,0.19823723289286965,0.11641123162022234,0.234201846262869,0.22383928134388337,0.11641123162022234,0.3376295278011275,5.710515645318709e-07,0.0,1.4142331979397695e-05,5.710515645318709e-07,0.0,2.917480366527393e-05,3.0439707040786743,0.02911287546157837,6.049591362476349,0,0,0,0,0,0,0,2,1,0.19389402866363525,True,"[""scales_below_policy_thresholds""]","[{""path"": ""/Users/ivacshsergey/hack/data/datasets/results.csv"", ""sha256"": ""4a81688ad0700caafdf9dbdaa607fd9e16b4dbe7e6ed5140aa51e4e667d1a588""}]"
2026-09-18T14:30:00+00:00,2026-09-18T15:00:00+00:00,2026-09-18T12:00:00+00:00,2026-09-18T15:00:00+00:00,0.2431697969127741,0.07240284391671642,0.9748513825523052,0.2431697969127741,0.07240284391671642,1.092140366826939,0.22210025151562784,0.13448993358195088,0.271475059902786,0.23065428368400234,0.13448993358195088,0.35510466483975817,0.19908538359092168,0.11143688969724742,0.23591210955411512,0.2355156837667104,0.11143688969724742,0.3439000704121863,5.10147954771209e-07,0.0,1.3843711862421524e-05,5.10147954771209e-07,0.0,2.8690244656515968e-05,3.0439707040786743,0.02911287546157837,6.049591362476349,0,0,0,0,0,0,0,2,1,0.1942693442106247,True,"[""scales_below_policy_thresholds""]","[{""path"": ""/Users/ivacshsergey/hack/data/datasets/results.csv"", ""sha256"": ""4a81688ad0700caafdf9dbdaa607fd9e16b4dbe7e6ed5140aa51e4e667d1a588""}]"
2026-09-18T15:00:00+00:00,2026-09-18T15:30:00+00:00,2026-09-18T15:00:00+00:00,2026-09-18T18:00:00+00:00,0.2466784215031553,0.07513457484137451,0.9685241345669808,0.2466784215031553,0.07513457484137451,1.085437335379624,0.22508618893012008,0.1420066105675009,0.27722280103224906,0.22508618893012008,0.1420066105675009,0.35292359832706577,0.19562739218529746,0.10551571328251443,0.23638491534666675,0.2303200424374583,0.10551571328251443,0.33788733621444844,4.37156769632377e-07,0.0,1.4004348279229157e-05,4.37156769632377e-07,0.0,2.8950902992889696e-05,3.2990734577178955,0.2573757469654083,6.509971082210541,0,0,0,0,0,0,0,2,1,0.17097188532352448,True,"[""scales_below_policy_thresholds""]","[{""path"": ""/Users/ivacshsergey/hack/data/datasets/results.csv"", ""sha256"": ""4a81688ad0700caafdf9dbdaa607fd9e16b4dbe7e6ed5140aa51e4e667d1a588""}]"
2026-09-18T15:30:00+00:00,2026-09-18T16:00:00+00:00,2026-09-18T15:00:00+00:00,2026-09-18T18:00:00+00:00,0.25183091836865734,0.08432526650465355,1.0573927186049403,0.25183091836865734,0.08432526650465355,1.1795839398538686,0.2211000915952237,0.13460577404510604,0.28153098236153024,0.22850708963178615,0.13460577404510604,0.3475169993730635,0.1969750229412818,0.10844623392062645,0.2316686376815895,0.21637291434395983,0.10844623392062645,0.3202209180879085,4.0417438975893044e-07,0.0,1.3968719227037769e-05,4.0417438975893044e-07,0.0,2.889308914435309e-05,3.2990734577178955,0.2573757469654083,6.509971082210541,0,0,0,0,0,0,0,2,1,0.28362447023391724,True,"[""scales_below_policy_thresholds""]","[{""path"": ""/Users/ivacshsergey/hack/data/datasets/results.csv"", ""sha256"": ""4a81688ad0700caafdf9dbdaa607fd9e16b4dbe7e6ed5140aa51e4e667d1a588""}]"
2026-09-18T16:00:00+00:00,2026-09-18T16:30:00+00:00,2026-09-18T15:00:00+00:00,2026-09-18T18:00:00+00:00,0.2542950177075359,0.07713633876049517,1.0007218867016556,0.2542950177075359,0.07713633876049517,1.1195473537623652,0.22899151177649224,0.14325715886555876,0.28745802572301427,0.231047608749332,0.14325715886555876,0.3568294855400318,0.212322111211919,0.11795213916366401,0.2505411738507417,0.22033219705399965,0.11795213916366401,0.3351582830602832,5.661687950866323e-07,0.0,1.3685949681300019e-05,5.661687950866323e-07,0.0,2.843425022828449e-05,3.2990734577178955,0.2573757469654083,6.509971082210541,0,0,0,0,0,0,0,2,1,0.20138707756996155,True,"[""scales_below_policy_thresholds""]","[{""path"": ""/Users/ivacshsergey/hack/data/datasets/results.csv"", ""sha256"": ""4a81688ad0700caafdf9dbdaa607fd9e16b4dbe7e6ed5140aa51e4e667d1a588""}]"
2026-09-18T16:30:00+00:00,2026-09-18T17:00:00+00:00,2026-09-18T15:00:00+00:00,2026-09-18T18:00:00+00:00,0.21957418084862515,0.06540926021852679,0.7090859193949026,0.27979494980333997,0.06540926021852679,0.9890264269242215,0.2285863396504698,0.14618691745994153,0.28326061189585694,0.22967074198509782,0.14618691745994153,0.36414553173274045,0.1918402369650372,0.10409957337486915,0.22461456519123202,0.23214666852401158,0.10409957337486915,0.3459098461795661,6.711233485750691e-07,0.0,1.4064955561310533e-05,6.711233485750691e-07,0.0,2.9049248023446398e-05,3.2990734577178955,0.2573757469654083,6.509971082210541,0,0,0,0,0,0,0,2,1,0.2762434780597687,True,"[""scales_below_policy_thresholds""]","[{""path"": ""/Users/ivacshsergey/hack/data/datasets/results.csv"", ""sha256"": ""4a81688ad0700caafdf9dbdaa607fd9e16b4dbe7e6ed5140aa51e4e667d1a588""}]"
2026-09-18T17:00:00+00:00,2026-09-18T17:30:00+00:00,2026-09-18T15:00:00+00:00,2026-09-18T18:00:00+00:00,0.2518211065428671,0.08256910343451156,0.9937979420615117,0.2518211065428671,0.08256910343451156,1.1122121870722024,0.2205890782678333,0.13363691287251575,0.28122885722978913,0.25900985118606923,0.13363691287251575,0.3910159855358393,0.20097871570066572,0.10953427232638602,0.2378235824654608,0.21788425760206648,0.10953427232638602,0.32716151280111205,6.016537347529732e-07,0.0,1.4351406475027694e-05,6.016537347529732e-07,0.0,2.9514060549186835e-05,3.2990734577178955,0.2573757469654083,6.509971082210541,0,0,0,0,0,0,0,2,1,0.2353358417749405,True,"[""scales_below_policy_thresholds""]","[{""path"": ""/Users/ivacshsergey/hack/data/datasets/results.csv"", ""sha256"": ""4a81688ad0700caafdf9dbdaa607fd9e16b4dbe7e6ed5140aa51e4e667d1a588""}]"
2026-09-18T17:30:00+00:00,2026-09-18T18:00:00+00:00,2026-09-18T15:00:00+00:00,2026-09-18T18:00:00+00:00,0.2157079495098295,0.061635415445773806,0.6939969871559751,0.2782188346334017,0.061635415445773806,1.08394525397602,0.22208402587819845,0.13422969070865193,0.27853208097181276,0.2382841846737555,0.13422969070865193,0.3719760224244569,0.18960116220308576,0.11234368126432732,0.22748066998192193,0.2258644546892427,0.11234368126432732,0.34489675703194483,5.624436767770189e-07,0.0,1.5065768400690057e-05,5.624436767770189e-07,0.0,3.067322728617196e-05,3.2990734577178955,0.2573757469654083,6.509971082210541,0,0,0,0,0,0,0,2,1,0.2744540274143219,True,"[""scales_below_policy_thresholds""]","[{""path"": ""/Users/ivacshsergey/hack/data/datasets/results.csv"", ""sha256"": ""4a81688ad0700caafdf9dbdaa607fd9e16b4dbe7e6ed5140aa51e4e667d1a588""}]"
2026-09-18T18:00:00+00:00,2026-09-18T18:30:00+00:00,2026-09-18T18:00:00+00:00,2026-09-18T21:00:00+00:00,0.24601651456465157,0.0829342862161537,0.961792649605032,0.24601651456465157,0.0829342862161537,1.0783060587974942,0.21393890453796552,0.13578842202934038,0.27316002260212263,0.22186384469936737,0.13578842202934038,0.35182910415741936,0.2020115785243957,0.10545861771739248,0.2392204173853905,0.2038769171961657,0.10545861771739248,0.3183269782707649,7.22330373956056e-07,0.0,1.5115754094454464e-05,7.22330373956056e-07,0.0,3.07543370870381e-05,3.4896737337112427,0.412619411945343,6.501055061817169,0,0,0,0,0,0,0,2,1,0.23376227915287018,True,"[""scales_below_policy_thresholds""]","[{""path"": ""/Users/ivacshsergey/hack/data/datasets/results.csv"", ""sha256"": ""4a81688ad0700caafdf9dbdaa607fd9e16b4dbe7e6ed5140aa51e4e667d1a588""}]"
2026-09-18T18:30:00+00:00,2026-09-18T19:00:00+00:00,2026-09-18T18:00:00+00:00,2026-09-18T21:00:00+00:00,0.2625349048883795,0.08934868008907713,1.0932662234342723,0.2625349048883795,0.08934868008907713,1.217588018649919,0.2153049111147898,0.13073500406440153,0.2798848128282644,0.23415809475264332,0.13073500406440153,0.3596231347955135,0.201378864819368,0.10758793959220808,0.2382453071892631,0.201378864819368,0.10758793959220808,0.31199271601801487,2.643305929618946e-07,0.0,1.318654525165066e-05,2.643305929618946e-07,0.0,2.76238864863818e-05,3.4896737337112427,0.412619411945343,6.501055061817169,0,0,0,0,0,0,0,2,1,0.23909644782543182,True,"[""scales_below_policy_thresholds""]","[{""path"": ""/Users/ivacshsergey/hack/data/datasets/results.csv"", ""sha256"": ""4a81688ad0700caafdf9dbdaa607fd9e16b4dbe7e6ed5140aa51e4e667d1a588""}]"
2026-09-18T19:00:00+00:00,2026-09-18T19:30:00+00:00,2026-09-18T18:00:00+00:00,2026-09-18T21:00:00+00:00,0.24541612520520092,0.07694984714131321,1.0530142144645873,0.24541612520520092,0.07694984714131321,1.1749453906752907,0.2201009138283032,0.13500670849842464,0.2744202248428624,0.224839184376152,0.13500670849842464,0.3443097779899597,0.19507156576243787,0.1147011157337641,0.22949541670368176,0.2269629641669919,0.1147011157337641,0.3375817112283291,2.603486697825493e-07,0.0,1.3072420869072253e-05,2.603486697825493e-07,0.0,2.74387013814489e-05,3.4896737337112427,0.412619411945343,6.501055061817169,0,0,0,0,0,0,0,2,1,0.23343874514102936,True,"[""scales_below_policy_thresholds""]","[{""path"": ""/Users/ivacshsergey/hack/data/datasets/results.csv"", ""sha256"": ""4a81688ad0700caafdf9dbdaa607fd9e16b4dbe7e6ed5140aa51e4e667d1a588""}]"
2026-09-18T19:30:00+00:00,2026-09-18T20:00:00+00:00,2026-09-18T18:00:00+00:00,2026-09-18T21:00:00+00:00,0.237879121632692,0.06264729188027639,1.057513635497945,0.237879121632692,0.06264729188027639,1.1797120381579342,0.21816619954964905,0.13366733668473532,0.2719681232882312,0.2239430156709693,0.13366733668473532,0.3610040253194529,0.1994589137738959,0.10556525011013684,0.2335963778564178,0.21400990632902503,0.10556525011013684,0.32279503626474704,1.6010797533695607e-07,0.0,1.290191501723892e-05,1.6010797533695607e-07,0.0,2.7162028304670265e-05,3.4896737337112427,0.412619411945343,6.501055061817169,0,0,0,0,0,0,0,2,1,0.248231902718544,True,"[""scales_below_policy_thresholds""]","[{""path"": ""/Users/ivacshsergey/hack/data/datasets/results.csv"", ""sha256"": ""4a81688ad0700caafdf9dbdaa607fd9e16b4dbe7e6ed5140aa51e4e667d1a588""}]"
2026-09-18T20:00:00+00:00,2026-09-18T20:30:00+00:00,2026-09-18T18:00:00+00:00,2026-09-18T21:00:00+00:00,0.24885862237977938,0.07385439825383122,0.9439780599024581,0.24885862237977938,0.07385439825383122,1.059433437513433,0.21806636714070457,0.12646020731306257,0.27930039654829353,0.22446546839732914,0.12646020731306257,0.3436858928975534,0.19024904490729444,0.12392920678546872,0.22716596074328782,0.23057963122628433,0.12392920678546872,0.3387405531884496,1.6412291925650716e-07,0.0,1.2964982174374325e-05,1.6412291925650716e-07,0.0,2.7264364876821406e-05,3.4896737337112427,0.412619411945343,6.501055061817169,0,0,0,0,0,0,0,2,1,0.2509728968143463,True,"[""scales_below_policy_thresholds""]","[{""path"": ""/Users/ivacshsergey/hack/data/datasets/results.csv"", ""sha256"": ""4a81688ad0700caafdf9dbdaa607fd9e16b4dbe7e6ed5140aa51e4e667d1a588""}]"
2026-09-18T20:30:00+00:00,2026-09-18T21:00:00+00:00,2026-09-18T18:00:00+00:00,2026-09-18T21:00:00+00:00,0.25150066026738965,0.08168086233218448,1.1096246879167042,0.25150066026738965,0.08168086233218448,1.2349180335489482,0.22595716222412146,0.13626252728325897,0.2786779865460436,0.24130790681603775,0.13626252728325897,0.3711064861400972,0.21091795520808237,0.11694630135002837,0.24548091337953015,0.22252733091731258,0.11694630135002837,0.337869094830312,4.143530250071335e-07,0.0,1.3112657476487585e-05,4.143530250071335e-07,0.0,2.7503991726929918e-05,3.4896737337112427,0.412619411945343,6.501055061817169,0,0,0,0,0,0,0,2,1,0.23551470041275024,True,"[""scales_below_policy_thresholds""]","[{""path"": ""/Users/ivacshsergey/hack/data/datasets/results.csv"", ""sha256"": ""4a81688ad0700caafdf9dbdaa607fd9e16b4dbe7e6ed5140aa51e4e667d1a588""}]"
2026-09-18T21:00:00+00:00,2026-09-18T21:30:00+00:00,2026-09-18T21:00:00+00:00,2026-09-19T00:00:00+00:00,0.23762085153294435,0.060925748175379525,0.9280141484015815,0.23762085153294435,0.060925748175379525,1.0425214086091252,0.21664005723597843,0.13393162405504633,0.2688049017177455,0.23479833824360938,0.13393162405504633,0.358691819746142,0.19646142937035663,0.10223229701936125,0.23206728064231158,0.2023485027503267,0.10223229701936125,0.3159861257719628,3.110215784743301e-07,0.0,1.369345807836223e-05,3.110215784743301e-07,0.0,2.8446433806117982e-05,3.4691720008850098,0.5472729206085205,6.577631771564484,0,0,0,0,0,0,0,2,1,0.2722093164920807,True,"[""scales_below_policy_thresholds""]","[{""path"": ""/Users/ivacshsergey/hack/data/datasets/results.csv"", ""sha256"": ""4a81688ad0700caafdf9dbdaa607fd9e16b4dbe7e6ed5140aa51e4e667d1a588""}]"
2026-09-18T21:30:00+00:00,2026-09-18T22:00:00+00:00,2026-09-18T21:00:00+00:00,2026-09-19T00:00:00+00:00,0.21294967128450645,0.04875235359969784,0.699678083003409,0.28149626575884124,0.04875235359969784,1.1652392935616225,0.221464335032846,0.13509966570170578,0.27766558350967135,0.24136143808340524,0.13509966570170578,0.3728858382275125,0.20918656517434833,0.1135400102350633,0.24403110344619078,0.22962007849064756,0.1135400102350633,0.3486432508306624,3.545321560487014e-07,0.0,1.4076304924459267e-05,3.545321560487014e-07,0.0,2.9067664184464187e-05,3.4691720008850098,0.5472729206085205,6.577631771564484,0,0,0,0,0,0,0,2,1,0.2843436598777771,True,"[""scales_below_policy_thresholds""]","[{""path"": ""/Users/ivacshsergey/hack/data/datasets/results.csv"", ""sha256"": ""4a81688ad0700caafdf9dbdaa607fd9e16b4dbe7e6ed5140aa51e4e667d1a588""}]"
2026-09-18T22:00:00+00:00,2026-09-18T22:30:00+00:00,2026-09-18T21:00:00+00:00,2026-09-19T00:00:00+00:00,0.24598769876962545,0.0683646535861632,1.2322199992515823,0.24598769876962545,0.0683646535861632,1.3647944393855895,0.21698768278000682,0.13254054536737797,0.27447250632454506,0.21972280928287052,0.13254054536737797,0.3498301005186948,0.1986512933724001,0.10490145659147773,0.23070289915371772,0.22278170420416496,0.10490145659147773,0.3363902376115436,4.204030765983672e-07,0.0,1.4110780342343877e-05,4.204030765983672e-07,0.0,2.9123606076409853e-05,3.4691720008850098,0.5472729206085205,6.577631771564484,0,0,0,0,0,0,0,2,1,0.24859875440597534,True,"[""scales_below_policy_thresholds""]","[{""path"": ""/Users/ivacshsergey/hack/data/datasets/results.csv"", ""sha256"": ""4a81688ad0700caafdf9dbdaa607fd9e16b4dbe7e6ed5140aa51e4e667d1a588""}]"
2026-09-18T22:30:00+00:00,2026-09-18T23:00:00+00:00,2026-09-18T21:00:00+00:00,2026-09-19T00:00:00+00:00,0.23341580612410429,0.05685979486909698,1.1525664745303092,0.23341580612410429,0.05685979486909698,1.2804101885494337,0.2166086394787715,0.13019720237950377,0.2758790806239606,0.23002986215062585,0.13019720237950377,0.37164809839689006,0.20765216552894003,0.11523669531006714,0.24461919654888195,0.22016833054359605,0.11523669531006714,0.3367390926680333,4.774919616096391e-07,0.0,1.3105306278574872e-05,4.774919616096391e-07,0.0,2.749206322991559e-05,3.4691720008850098,0.5472729206085205,6.577631771564484,0,0,0,0,0,0,0,2,1,0.22217485308647156,True,"[""scales_below_policy_thresholds""]","[{""path"": ""/Users/ivacshsergey/hack/data/datasets/results.csv"", ""sha256"": ""4a81688ad0700caafdf9dbdaa607fd9e16b4dbe7e6ed5140aa51e4e667d1a588""}]"
2026-09-18T23:00:00+00:00,2026-09-18T23:30:00+00:00,2026-09-18T21:00:00+00:00,2026-09-19T00:00:00+00:00,0.20340402609988287,0.04237223213434769,0.7787256607700836,0.2640212157623494,0.04237223213434769,1.0721098347247373,0.22325898361959684,0.13756802817320268,0.28000922402966155,0.2322233623689239,0.13756802817320268,0.37635889055615757,0.2004908630927402,0.10616273326281235,0.2363297748285195,0.20930650081976518,0.10616273326281235,0.3289406284406654,4.0094099350024664e-07,0.0,1.347472412929027e-05,4.0094099350024664e-07,0.0,2.8091502910579957e-05,3.4691720008850098,0.5472729206085205,6.577631771564484,0,0,0,0,0,0,0,2,1,0.3313426971435547,True,"[""scales_below_policy_thresholds""]","[{""path"": ""/Users/ivacshsergey/hack/data/datasets/results.csv"", ""sha256"": ""4a81688ad0700caafdf9dbdaa607fd9e16b4dbe7e6ed5140aa51e4e667d1a588""}]"
2026-09-18T23:30:00+00:00,2026-09-19T00:00:00+00:00,2026-09-18T21:00:00+00:00,2026-09-19T00:00:00+00:00,0.23803143827351128,0.06359890686090264,1.272499492275734,0.23803143827351128,0.06359890686090264,1.4074661837283158,0.21477753338766706,0.13205340140810312,0.2738402588963911,0.2322717276643513,0.13205340140810312,0.3605653873697364,0.2023663834393544,0.10828090971943972,0.23990408141484,0.2023663834393544,0.10828090971943972,0.3058181040121772,4.591060712644359e-07,0.0,1.3660039115879394e-05,4.591060712644359e-07,0.0,2.839220618241206e-05,3.4691720008850098,0.5472729206085205,6.577631771564484,0,0,0,0,0,0,0,2,1,0.2855468988418579,True,"[""scales_below_policy_thresholds""]","[{""path"": ""/Users/ivacshsergey/hack/data/datasets/results.csv"", ""sha256"": ""4a81688ad0700caafdf9dbdaa607fd9e16b4dbe7e6ed5140aa51e4e667d1a588""}]"
2026-09-19T00:00:00+00:00,2026-09-19T00:30:00+00:00,2026-09-19T00:00:00+00:00,2026-09-19T03:00:00+00:00,0.2540233814018719,0.06805372002442499,1.4046279254776157,0.2540233814018719,0.06805372002442499,1.547441895900638,0.22998383921091853,0.1453286858188893,0.2869317457254493,0.24831372651161768,0.1453286858188893,0.3840003542749269,0.20395900960944807,0.11198614510292872,0.23971401478724988,0.22018971267471626,0.11198614510292872,0.33454292064946617,4.5942463929122487e-07,0.0,1.35201143626392e-05,4.5942463929122487e-07,0.0,2.8165155840267227e-05,3.8330726623535156,0.8868690133094788,7.160697162151337,0,0,0,0,0,0,0,3,1,0.2614718973636627,True,"[""scales_below_policy_thresholds""]","[{""path"": ""/Users/ivacshsergey/hack/data/datasets/results.csv"", ""sha256"": ""4a81688ad0700caafdf9dbdaa607fd9e16b4dbe7e6ed5140aa51e4e667d1a588""}]"
2026-09-19T00:30:00+00:00,2026-09-19T01:00:00+00:00,2026-09-19T00:00:00+00:00,2026-09-19T03:00:00+00:00,0.24061683202044373,0.06233539449350982,1.4169014170764325,0.24061683202044373,0.06233539449350982,1.5604443260797682,0.23513928079016475,0.14839400522827448,0.28886412393748084,0.23513928079016475,0.14839400522827448,0.371408490739627,0.2013036790236373,0.10217924702818647,0.23816689167740415,0.22835398626520106,0.10217924702818647,0.3451706186226727,5.601095652419626e-07,0.0,1.3894399322041719e-05,5.601095652419626e-07,0.0,2.877249318497656e-05,3.8330726623535156,0.8868690133094788,7.160697162151337,0,0,0,0,0,0,0,3,1,0.2616465389728546,True,"[""scales_below_policy_thresholds""]","[{""path"": ""/Users/ivacshsergey/hack/data/datasets/results.csv"", ""sha256"": ""4a81688ad0700caafdf9dbdaa607fd9e16b4dbe7e6ed5140aa51e4e667d1a588""}]"
2026-09-19T01:00:00+00:00,2026-09-19T01:30:00+00:00,2026-09-19T00:00:00+00:00,2026-09-19T03:00:00+00:00,0.24064979412209808,0.06131468986354775,1.0345673462229241,0.24064979412209808,0.06131468986354775,1.1554029390098681,0.23038135017659092,0.14571423686924126,0.2859357635069173,0.23038135017659092,0.14571423686924126,0.3521314161694284,0.20178802961569783,0.10629188596253575,0.23892019947205362,0.22800229056186425,0.10629188596253575,0.34974469902393074,5.348393355116485e-07,0.0,1.4071265522606404e-05,5.348393355116485e-07,0.0,2.9059486947139106e-05,3.8330726623535156,0.8868690133094788,7.160697162151337,0,0,0,0,0,0,0,3,1,0.22858497500419617,True,"[""scales_below_policy_thresholds""]","[{""path"": ""/Users/ivacshsergey/hack/data/datasets/results.csv"", ""sha256"": ""4a81688ad0700caafdf9dbdaa607fd9e16b4dbe7e6ed5140aa51e4e667d1a588""}]"
2026-09-19T01:30:00+00:00,2026-09-19T02:00:00+00:00,2026-09-19T00:00:00+00:00,2026-09-19T03:00:00+00:00,0.2368489447656013,0.059467767557944015,1.1101896030278193,0.2368489447656013,0.059467767557944015,1.2355164997010022,0.23229372587172117,0.14906896270991574,0.28327852940356024,0.23229372587172117,0.14906896270991574,0.36320839693388457,0.2011624498580308,0.10608643558178976,0.23655514243587636,0.2011624498580308,0.10608643558178976,0.3148336183370387,5.626619433253667e-07,0.0,1.4597520064520905e-05,5.626619433253667e-07,0.0,2.9913419300279322e-05,3.8330726623535156,0.8868690133094788,7.160697162151337,0,0,0,0,0,0,0,3,1,0.2655890882015228,True,"[""scales_below_policy_thresholds""]","[{""path"": ""/Users/ivacshsergey/hack/data/datasets/results.csv"", ""sha256"": ""4a81688ad0700caafdf9dbdaa607fd9e16b4dbe7e6ed5140aa51e4e667d1a588""}]"
2026-09-19T02:00:00+00:00,2026-09-19T02:30:00+00:00,2026-09-19T00:00:00+00:00,2026-09-19T03:00:00+00:00,0.23807077026032714,0.054861665962857395,1.2884185311119722,0.23807077026032714,0.054861665962857395,1.4243306749222486,0.22333085865346203,0.1386747261309475,0.27469707711355884,0.2458176768661504,0.1386747261309475,0.37849926765249436,0.20835854829329642,0.11192893076269439,0.2475930217233044,0.2345111855444253,0.11192893076269439,0.3499681099737949,5.679190553276953e-07,0.0,1.3948208351193653e-05,5.679190553276953e-07,0.0,2.8859806960391666e-05,3.8330726623535156,0.8868690133094788,7.160697162151337,0,0,0,0,0,0,0,3,1,0.295583039522171,True,"[""scales_below_policy_thresholds""]","[{""path"": ""/Users/ivacshsergey/hack/data/datasets/results.csv"", ""sha256"": ""4a81688ad0700caafdf9dbdaa607fd9e16b4dbe7e6ed5140aa51e4e667d1a588""}]"
2026-09-19T02:30:00+00:00,2026-09-19T03:00:00+00:00,2026-09-19T00:00:00+00:00,2026-09-19T03:00:00+00:00,0.2310897273830434,0.06043895770884937,1.1959463156546795,0.2310897273830434,0.06043895770884937,1.3263664146860759,0.22078183378446117,0.1384841622691095,0.275317378332737,0.23725427911385633,0.1384841622691095,0.3794865043219257,0.20175833845688115,0.10537907431154522,0.23545424906067702,0.21851861890639793,0.10537907431154522,0.3381603088591771,3.186247966649488e-07,0.0,1.3479118386464093e-05,3.186247966649488e-07,0.0,2.8098633297246256e-05,3.8330726623535156,0.8868690133094788,7.160697162151337,0,0,0,0,0,0,0,3,1,0.25365540385246277,True,"[""scales_below_policy_thresholds""]","[{""path"": ""/Users/ivacshsergey/hack/data/datasets/results.csv"", ""sha256"": ""4a81688ad0700caafdf9dbdaa607fd9e16b4dbe7e6ed5140aa51e4e667d1a588""}]"
2026-09-19T03:00:00+00:00,2026-09-19T03:30:00+00:00,2026-09-19T03:00:00+00:00,2026-09-19T06:00:00+00:00,0.2500281032051525,0.06672625965987113,1.0990354643062563,0.2500281032051525,0.06672625965987113,1.2236999022178998,0.23073383727073107,0.13980760350506066,0.2937634967736303,0.23891359032652595,0.13980760350506066,0.3666106183513516,0.19654182151985125,0.10074018569533588,0.23073229676517834,0.22908148880729456,0.10074018569533588,0.34591379714242054,2.020754398115084e-07,0.0,1.3337482425788509e-05,2.020754398115084e-07,0.0,2.7868806246730028e-05,3.900094985961914,0.6189007759094238,6.913812696933746,0,0,0,0,0,0,0,3,1,0.2695712745189667,True,"[""scales_below_policy_thresholds""]","[{""path"": ""/Users/ivacshsergey/hack/data/datasets/results.csv"", ""sha256"": ""4a81688ad0700caafdf9dbdaa607fd9e16b4dbe7e6ed5140aa51e4e667d1a588""}]"
2026-09-19T03:30:00+00:00,2026-09-19T04:00:00+00:00,2026-09-19T03:00:00+00:00,2026-09-19T06:00:00+00:00,0.24056839799165577,0.05535849269934946,1.317812022590528,0.24056839799165577,0.05535849269934946,1.455469883972397,0.23275901198742177,0.1530468736860502,0.2861223568150207,0.23275901198742177,0.1530468736860502,0.34709427030981355,0.21119398896822564,0.10738046638331511,0.25141014220237,0.21119398896822564,0.10738046638331511,0.315145607890636,5.409196031508307e-07,0.0,1.4369468568802442e-05,5.409196031508307e-07,0.0,2.9543369191699637e-05,3.900094985961914,0.6189007759094238,6.913812696933746,0,0,0,0,0,0,0,3,1,0.24641741812229156,True,"[""scales_below_policy_thresholds""]","[{""path"": ""/Users/ivacshsergey/hack/data/datasets/results.csv"", ""sha256"": ""4a81688ad0700caafdf9dbdaa607fd9e16b4dbe7e6ed5140aa51e4e667d1a588""}]"
2026-09-19T04:00:00+00:00,2026-09-19T04:30:00+00:00,2026-09-19T03:00:00+00:00,2026-09-19T06:00:00+00:00,0.24025548949592737,0.06074870186309748,1.1630965667497883,0.24025548949592737,0.06074870186309748,1.2915656765995318,0.22002419275650564,0.13687155189386274,0.27598509638547625,0.24887527794290107,0.13687155189386274,0.38449634889504275,0.20518311207028872,0.10151162675995669,0.2437752936029138,0.21477067290221627,0.10151162675995669,0.3309646437251396,5.406840764049437e-07,0.0,1.4439705900402852e-05,5.406840764049437e-07,0.0,2.9657340521303047e-05,3.900094985961914,0.6189007759094238,6.913812696933746,0,0,0,0,0,0,0,3,1,0.2779531478881836,True,"[""scales_below_policy_thresholds""]","[{""path"": ""/Users/ivacshsergey/hack/data/datasets/results.csv"", ""sha256"": ""4a81688ad0700caafdf9dbdaa607fd9e16b4dbe7e6ed5140aa51e4e667d1a588""}]"
2026-09-19T04:30:00+00:00,2026-09-19T05:00:00+00:00,2026-09-19T03:00:00+00:00,2026-09-19T06:00:00+00:00,0.23871957776997701,0.05848189917979453,1.2188707857705483,0.23871957776997701,0.05848189917979453,1.350652398806836,0.2163445303474865,0.1319985619093202,0.27554569033308657,0.2542350227907059,0.1319985619093202,0.40107546319077203,0.2019890999673796,0.10311714638779484,0.23805448017235828,0.2019890999673796,0.10311714638779484,0.320903308598162,4.986698439847568e-07,0.0,1.4715644907861255e-05,4.986698439847568e-07,0.0,3.0105095794074466e-05,3.900094985961914,0.6189007759094238,6.913812696933746,0,0,0,0,0,0,0,3,1,0.2385990470647812,True,"[""scales_below_policy_thresholds""]","[{""path"": ""/Users/ivacshsergey/hack/data/datasets/results.csv"", ""sha256"": ""4a81688ad0700caafdf9dbdaa607fd9e16b4dbe7e6ed5140aa51e4e667d1a588""}]"
2026-09-19T05:00:00+00:00,2026-09-19T05:30:00+00:00,2026-09-19T03:00:00+00:00,2026-09-19T06:00:00+00:00,0.2418104776090097,0.047366599254131996,1.1603032853033515,0.2418104776090097,0.047366599254131996,1.2886064985461199,0.23350366243958853,0.1469037467737658,0.2882439524192187,0.23350366243958853,0.1469037467737658,0.3672819427029023,0.20265774355024482,0.10266536582708617,0.24911707846416364,0.2222637218061682,0.10266536582708617,0.32793196186321605,2.893713535037125e-07,0.0,1.3793741043294958e-05,2.893713535037125e-07,0.0,2.8609158992134135e-05,3.900094985961914,0.6189007759094238,6.913812696933746,0,0,0,0,0,0,0,3,1,0.2981642186641693,True,"[""scales_below_policy_thresholds""]","[{""path"": ""/Users/ivacshsergey/hack/data/datasets/results.csv"", ""sha256"": ""4a81688ad0700caafdf9dbdaa607fd9e16b4dbe7e6ed5140aa51e4e667d1a588""}]"
2026-09-19T05:30:00+00:00,2026-09-19T06:00:00+00:00,2026-09-19T03:00:00+00:00,2026-09-19T06:00:00+00:00,0.23770555848161776,0.052581908789871276,1.25357327054854,0.23770555848161776,0.052581908789871276,1.3874159091523095,0.22873176364149175,0.13817878708922646,0.28205327708108124,0.24197118037316181,0.13817878708922646,0.3711940156752849,0.2070256196328659,0.10650720145342564,0.24526293712833497,0.21760987427609985,0.10650720145342564,0.33539020408555875,2.1684920982819716e-07,0.0,1.3716967998447665e-05,2.1684920982819716e-07,0.0,2.848458242010934e-05,3.900094985961914,0.6189007759094238,6.913812696933746,0,0,0,0,0,0,0,3,1,0.2599560022354126,True,"[""scales_below_policy_thresholds""]","[{""path"": ""/Users/ivacshsergey/hack/data/datasets/results.csv"", ""sha256"": ""4a81688ad0700caafdf9dbdaa607fd9e16b4dbe7e6ed5140aa51e4e667d1a588""}]"
2026-09-19T06:00:00+00:00,2026-09-19T06:30:00+00:00,2026-09-19T06:00:00+00:00,2026-09-19T09:00:00+00:00,0.2407322309403229,0.05086120027001388,1.3514302769928013,0.2407322309403229,0.05086120027001388,1.4910847700942849,0.22941583324905745,0.1437840460428314,0.2922266159747121,0.22941583324905745,0.1437840460428314,0.36248912717640436,0.20311619624669747,0.1025186632382413,0.24343378301062563,0.2317955388857413,0.1025186632382413,0.3484044067610151,3.4121939266315284e-07,0.0,1.368828207753317e-05,3.4121939266315284e-07,0.0,2.843803491505714e-05,3.402940034866333,0.3511418402194977,6.545130908489227,0,0,0,0,0,0,0,2,1,0.2429424375295639,True,"[""scales_below_policy_thresholds""]","[{""path"": ""/Users/ivacshsergey/hack/data/datasets/results.csv"", ""sha256"": ""4a81688ad0700caafdf9dbdaa607fd9e16b4dbe7e6ed5140aa51e4e667d1a588""}]"
2026-09-19T06:30:00+00:00,2026-09-19T07:00:00+00:00,2026-09-19T06:00:00+00:00,2026-09-19T09:00:00+00:00,0.2442920276932418,0.04813386950948005,1.1938588499528942,0.2442920276932418,0.04813386950948005,1.3241549716895766,0.22960606165378686,0.13851491975097846,0.29919354808603343,0.23032413074724267,0.13851491975097846,0.3534814232028928,0.21673215781785218,0.1148061644798555,0.25707976707597957,0.2217394048921571,0.1148061644798555,0.34503520409291016,3.627310301347897e-08,0.0,1.2919725057944314e-05,3.627310301347897e-08,0.0,2.71909279506738e-05,3.402940034866333,0.3511418402194977,6.545130908489227,0,0,0,0,0,0,0,2,1,0.28021904826164246,True,"[""scales_below_policy_thresholds""]","[{""path"": ""/Users/ivacshsergey/hack/data/datasets/results.csv"", ""sha256"": ""4a81688ad0700caafdf9dbdaa607fd9e16b4dbe7e6ed5140aa51e4e667d1a588""}]"
2026-09-19T07:00:00+00:00,2026-09-19T07:30:00+00:00,2026-09-19T06:00:00+00:00,2026-09-19T09:00:00+00:00,0.24123996945423662,0.04258719381537139,1.238386485655467,0.24123996945423662,0.04258719381537139,1.3713271614126934,0.2262016697271783,0.13920318509224922,0.29103597014001237,0.2372721073624144,0.13920318509224922,0.37872569179100063,0.19683027213942653,0.09620279463570924,0.23417058188974807,0.236671306073514,0.09620279463570924,0.3618054236367123,3.1779668127604484e-07,0.0,1.3213085996710233e-05,3.1779668127604484e-07,0.0,2.7666953099736557e-05,3.402940034866333,0.3511418402194977,6.545130908489227,0,0,0,0,0,0,0,2,1,0.3188342750072479,True,"[""scales_below_policy_thresholds""]","[{""path"": ""/Users/ivacshsergey/hack/data/datasets/results.csv"", ""sha256"": ""4a81688ad0700caafdf9dbdaa607fd9e16b4dbe7e6ed5140aa51e4e667d1a588""}]"
2026-09-19T07:30:00+00:00,2026-09-19T08:00:00+00:00,2026-09-19T06:00:00+00:00,2026-09-19T09:00:00+00:00,0.23857435590593357,0.04310598418940946,1.5327010221203567,0.23857435590593357,0.04310598418940946,1.6831214198172735,0.22788657528782727,0.1369904310446091,0.28838259578019954,0.22788657528782727,0.1369904310446091,0.36606578406865686,0.20155508653905632,0.09721393724600712,0.2432175729638344,0.2039267711651511,0.09721393724600712,0.32687791216314,2.2674036423381884e-07,0.0,1.2903059990361386e-05,2.2674036423381884e-07,0.0,2.7163886207101268e-05,3.402940034866333,0.3511418402194977,6.545130908489227,0,0,0,0,0,0,0,2,1,0.2269556075334549,True,"[""scales_below_policy_thresholds""]","[{""path"": ""/Users/ivacshsergey/hack/data/datasets/results.csv"", ""sha256"": ""4a81688ad0700caafdf9dbdaa607fd9e16b4dbe7e6ed5140aa51e4e667d1a588""}]"
